[
    {
        "file1": "cluster1_A.py",
        "file2": "cluster1_B.py",
        "similarity_score": 0.9811177289071896
    },
    {
        "file1": "cluster1_A.py",
        "file2": "cluster2_A.py",
        "similarity_score": 0.4668707566678625
    },
    {
        "file1": "cluster1_A.py",
        "file2": "cluster2_B.py",
        "similarity_score": 0.4587088401185121
    },
    {
        "file1": "cluster1_A.py",
        "file2": "cluster2_C.py",
        "similarity_score": 0.44894939362956116
    },
    {
        "file1": "cluster1_B.py",
        "file2": "cluster2_A.py",
        "similarity_score": 0.5748971691808641
    },
    {
        "file1": "cluster1_B.py",
        "file2": "cluster2_B.py",
        "similarity_score": 0.5668547204763882
    },
    {
        "file1": "cluster1_B.py",
        "file2": "cluster2_C.py",
        "similarity_score": 0.5327975608838994
    },
    {
        "file1": "cluster2_A.py",
        "file2": "cluster2_B.py",
        "similarity_score": 0.9888999842729368
    },
    {
        "file1": "cluster2_A.py",
        "file2": "cluster2_C.py",
        "similarity_score": 0.9843786719552657
    },
    {
        "file1": "cluster2_B.py",
        "file2": "cluster2_C.py",
        "similarity_score": 0.9844552028156456
    }
]